date,product_id,category,sales_units,sales_revenue,holiday_season,promotion_applied,discount_percentage,competitor_price_index,economic_index,weather_impact,region,store_type,future_sales
2022-01-01,106,Chairs,73,4672,0,0,0,1.19,0.99,0,North America,Retail,122.0
2022-01-02,103,Tables,122,16226,0,0,0,0.95,0.88,0,Asia,Retail,57.0
2022-01-03,107,Chairs,57,3420,0,0,0,1.04,0.99,0,Europe,Wholesale,23.0
2022-01-04,104,Tables,23,2829,0,0,0,0.83,0.79,0,Asia,Wholesale,76.0
2022-01-05,106,Sofas,76,13604,0,0,0,1.07,1.03,1,Europe,Wholesale,39.0
2022-01-06,109,Sofas,39,2964,0,0,0,1.17,0.94,0,North America,Wholesale,36.0
2022-01-07,102,Beds,36,2916,1,0,0,1.03,0.78,0,North America,Online,138.0
2022-01-08,106,Sofas,138,25392,1,0,0,0.85,0.79,0,North America,Wholesale,90.0
2022-01-09,107,Sofas,90,12600,0,0,0,1.03,0.95,0,Asia,Online,23.0
2022-01-10,104,Sofas,23,2001,0,1,19,1.11,1.03,0,Europe,Wholesale,33.0
2022-01-11,103,Chairs,33,4686,0,1,10,0.96,0.87,0,North America,Online,22.0
2022-01-12,107,Sofas,22,1474,0,0,0,1.15,0.8,0,North America,Retail,99.0
2022-01-13,107,Sofas,99,7920,0,0,0,1.06,1.05,0,Europe,Online,74.0
2022-01-14,102,Beds,74,10212,1,1,8,1.16,0.97,0,North America,Online,139.0
2022-01-15,105,Sofas,139,11954,0,1,27,1.05,0.88,1,Europe,Wholesale,43.0
2022-01-16,104,Sofas,43,7955,0,0,0,0.85,0.9,0,Europe,Online,101.0
2022-01-17,101,Tables,101,14544,0,0,0,0.92,0.78,0,Europe,Retail,79.0
2022-01-18,107,Beds,79,12877,0,0,0,0.88,0.95,0,Europe,Retail,68.0
2022-01-19,105,Beds,68,3536,0,0,0,1.16,0.84,0,Europe,Wholesale,82.0
2022-01-20,101,Beds,82,14760,0,0,0,1.1,1.1,0,Asia,Retail,129.0
2022-01-21,104,Beds,129,17931,0,0,0,1.07,0.89,0,North America,Online,128.0
2022-01-22,100,Beds,128,8960,0,0,0,0.92,0.89,0,Asia,Retail,95.0
2022-01-23,109,Beds,95,16055,0,0,0,0.87,0.93,0,North America,Wholesale,49.0
2022-01-24,105,Chairs,49,2695,0,0,0,1.1,1.07,0,Asia,Online,77.0
2022-01-25,108,Sofas,77,13552,0,0,0,0.99,1.02,0,Europe,Wholesale,136.0
2022-01-26,100,Beds,136,15232,1,0,0,0.89,0.88,0,North America,Online,119.0
2022-01-27,109,Sofas,119,11067,0,0,0,1.05,0.99,0,North America,Retail,38.0
2022-01-28,102,Sofas,38,5282,0,0,0,0.82,0.93,0,Asia,Wholesale,113.0
2022-01-29,106,Chairs,113,16724,0,1,6,0.93,0.9,0,Asia,Wholesale,132.0
2022-01-30,103,Beds,132,16632,0,0,0,0.99,0.78,0,North America,Online,82.0
2022-01-31,108,Tables,82,14432,0,0,0,0.86,0.89,0,Asia,Wholesale,135.0
2022-02-01,102,Chairs,135,6345,0,0,0,1.19,0.8,0,Asia,Online,132.0
2022-02-02,104,Tables,132,6072,1,0,0,0.88,1.07,0,Asia,Online,66.0
2022-02-03,102,Sofas,66,4950,0,1,6,0.85,0.83,0,Europe,Online,76.0
2022-02-04,106,Sofas,76,4332,0,0,0,0.88,1.08,0,Europe,Online,137.0
2022-02-05,104,Chairs,137,5754,0,0,0,1.11,0.91,0,Asia,Retail,64.0
2022-02-06,108,Chairs,64,4288,1,0,0,0.97,0.95,0,Asia,Online,23.0
2022-02-07,106,Tables,23,2507,0,0,0,1.03,0.92,0,Europe,Wholesale,66.0
2022-02-08,101,Beds,66,12408,0,1,29,0.81,0.75,0,Europe,Retail,66.0
2022-02-09,103,Tables,66,4422,0,1,10,0.81,0.85,0,North America,Wholesale,97.0
2022-02-10,108,Chairs,97,9021,0,0,0,0.98,0.74,0,North America,Retail,143.0
2022-02-11,101,Tables,143,14872,0,0,0,1.13,0.95,0,Europe,Online,94.0
2022-02-12,109,Chairs,94,13066,0,1,26,1.15,0.88,1,Asia,Retail,122.0
2022-02-13,108,Tables,122,7320,0,1,6,0.83,1.01,0,Asia,Retail,109.0
2022-02-14,109,Chairs,109,5668,0,0,0,1.02,0.79,0,Asia,Wholesale,88.0
2022-02-15,104,Chairs,88,8448,0,0,0,1.17,0.77,0,Asia,Wholesale,80.0
2022-02-16,101,Chairs,80,7040,0,0,0,0.96,0.86,0,North America,Online,69.0
2022-02-17,103,Beds,69,10833,1,1,29,1.13,1.07,0,Europe,Retail,22.0
2022-02-18,106,Tables,22,2046,0,0,0,0.85,0.98,0,Asia,Retail,126.0
2022-02-19,107,Tables,126,22302,0,0,0,1.17,0.87,0,North America,Retail,132.0
2022-02-20,102,Tables,132,12144,0,0,0,1.1,0.91,0,Asia,Online,113.0
2022-02-21,100,Chairs,113,9379,0,0,0,1.18,0.73,0,Europe,Online,137.0
2022-02-22,103,Tables,137,11782,1,0,0,1.07,1.09,0,North America,Online,100.0
2022-02-23,101,Tables,100,9200,0,0,0,0.95,0.97,0,Europe,Online,128.0
2022-02-24,107,Chairs,128,14464,0,0,0,1.18,0.81,0,Europe,Online,70.0
2022-02-25,103,Sofas,70,5950,0,0,0,0.91,0.93,0,North America,Wholesale,54.0
2022-02-26,101,Chairs,54,2808,0,0,0,0.93,0.74,0,North America,Retail,65.0
2022-02-27,105,Tables,65,9165,0,0,0,1.08,1.09,0,North America,Retail,88.0
2022-02-28,105,Chairs,88,5544,0,0,0,1.11,0.77,0,North America,Retail,112.0
2022-03-01,109,Sofas,112,4592,0,1,21,1.17,0.96,0,North America,Retail,83.0
2022-03-02,103,Chairs,83,9960,1,0,0,0.88,0.8,0,North America,Retail,68.0
2022-03-03,105,Tables,68,9452,0,0,0,1.12,0.99,0,North America,Retail,93.0
2022-03-04,101,Sofas,93,16833,1,0,0,1.1,1.01,0,Asia,Retail,24.0
2022-03-05,109,Beds,24,4248,1,0,0,0.83,0.97,0,Europe,Retail,119.0
2022-03-06,101,Tables,119,22848,1,0,0,0.95,0.95,0,North America,Wholesale,89.0
2022-03-07,109,Sofas,89,15130,0,0,0,0.91,1.06,0,Asia,Retail,109.0
2022-03-08,103,Sofas,109,16350,0,0,0,0.92,0.73,0,Asia,Wholesale,23.0
2022-03-09,107,Beds,23,3243,1,0,0,1.19,0.83,0,Asia,Online,145.0
2022-03-10,106,Chairs,145,8120,0,0,0,1.06,0.8,0,Europe,Retail,58.0
2022-03-11,108,Chairs,58,2958,0,0,0,1.09,1.1,0,North America,Online,148.0
2022-03-12,107,Tables,148,22940,1,0,0,1.19,0.86,0,Asia,Online,43.0
2022-03-13,104,Beds,43,2709,1,0,0,0.95,0.99,0,Europe,Online,76.0
2022-03-14,101,Chairs,76,5168,0,0,0,1.12,0.97,0,Europe,Wholesale,119.0
2022-03-15,104,Beds,119,22848,0,0,0,0.97,0.78,0,Europe,Online,89.0
2022-03-16,107,Chairs,89,14329,0,1,20,1.15,0.8,0,Asia,Online,60.0
2022-03-17,109,Sofas,60,7740,1,1,23,0.87,0.81,0,North America,Online,79.0
2022-03-18,108,Chairs,79,8216,1,0,0,1.18,0.86,0,Asia,Retail,127.0
2022-03-19,108,Beds,127,15621,0,0,0,0.89,0.79,0,Asia,Retail,76.0
2022-03-20,100,Sofas,76,12008,0,0,0,0.93,0.71,0,North America,Wholesale,50.0
2022-03-21,108,Sofas,50,9750,1,0,0,1.1,1.05,0,North America,Wholesale,103.0
2022-03-22,106,Sofas,103,5665,0,0,0,0.96,1.09,0,North America,Retail,55.0
2022-03-23,108,Beds,55,7865,0,1,14,1.04,0.84,0,Europe,Wholesale,127.0
2022-03-24,107,Tables,127,16637,1,0,0,0.98,0.84,0,North America,Retail,125.0
2022-03-25,100,Tables,125,8250,0,1,6,1.1,0.7,0,Asia,Online,105.0
2022-03-26,107,Tables,105,18165,0,0,0,0.89,0.97,0,North America,Online,33.0
2022-03-27,107,Beds,33,5742,0,0,0,0.82,1.03,0,Asia,Wholesale,139.0
2022-03-28,102,Sofas,139,26688,0,0,0,0.92,0.76,0,Europe,Retail,99.0
2022-03-29,100,Tables,99,7128,1,0,0,0.99,0.76,0,Asia,Retail,125.0
2022-03-30,107,Beds,125,11750,0,0,0,0.87,1.02,0,Asia,Wholesale,89.0
2022-03-31,102,Tables,89,4094,1,0,0,0.94,0.95,0,North America,Retail,63.0
2022-04-01,102,Chairs,63,6048,0,0,0,0.96,0.72,0,North America,Online,92.0
2022-04-02,100,Tables,92,15180,0,1,27,0.82,0.95,0,Asia,Wholesale,64.0
2022-04-03,104,Tables,64,3264,0,0,0,1.03,0.82,0,North America,Wholesale,126.0
2022-04-04,109,Sofas,126,6930,0,1,18,1.15,0.85,0,Europe,Retail,103.0
2022-04-05,106,Beds,103,8446,0,1,5,0.86,1.01,0,Europe,Wholesale,101.0
2022-04-06,109,Sofas,101,15756,0,0,0,1.04,1.02,0,North America,Retail,126.0
2022-04-07,108,Sofas,126,21924,0,0,0,1.07,0.86,0,Europe,Retail,40.0
2022-04-08,106,Sofas,40,6000,0,0,0,0.97,1.08,0,North America,Retail,26.0
2022-04-09,108,Sofas,26,2340,1,1,5,1.08,0.86,0,Asia,Retail,89.0
2022-04-10,107,Sofas,89,17711,0,0,0,0.96,1.01,0,Asia,Retail,146.0
2022-04-11,101,Tables,146,16644,1,0,0,1.0,0.89,0,Europe,Wholesale,139.0
2022-04-12,100,Sofas,139,6533,0,0,0,0.8,1.06,0,North America,Online,147.0
2022-04-13,106,Sofas,147,12348,0,0,0,1.08,1.06,0,North America,Online,76.0
2022-04-14,106,Beds,76,7448,0,0,0,1.06,0.73,0,Europe,Wholesale,77.0
2022-04-15,107,Chairs,77,13167,0,0,0,0.82,1.07,0,Asia,Wholesale,40.0
2022-04-16,104,Tables,40,5720,0,0,0,0.95,1.03,0,Europe,Online,101.0
2022-04-17,102,Tables,101,19796,1,1,14,1.19,1.02,0,Asia,Online,88.0
2022-04-18,107,Tables,88,17248,1,0,0,0.97,0.78,0,North America,Online,106.0
2022-04-19,105,Sofas,106,14522,0,1,27,1.0,1.02,0,Asia,Online,68.0
2022-04-20,102,Sofas,68,13260,0,0,0,1.16,1.04,0,Europe,Online,134.0
2022-04-21,100,Sofas,134,15812,1,1,10,1.09,0.82,0,North America,Retail,108.0
2022-04-22,102,Beds,108,17604,0,0,0,1.03,1.08,0,Europe,Wholesale,104.0
2022-04-23,104,Chairs,104,4472,1,0,0,1.12,0.72,1,Europe,Retail,147.0
2022-04-24,102,Sofas,147,18963,1,0,0,1.15,0.76,0,Asia,Online,136.0
2022-04-25,100,Chairs,136,19448,1,1,22,0.98,0.92,0,Europe,Online,146.0
2022-04-26,104,Beds,146,25696,0,0,0,0.99,0.93,1,Asia,Online,90.0
2022-04-27,109,Tables,90,14220,0,1,28,0.95,0.96,0,North America,Retail,105.0
2022-04-28,106,Sofas,105,18060,0,1,28,1.19,0.71,0,Asia,Retail,52.0
2022-04-29,106,Chairs,52,4940,0,0,0,1.08,1.08,0,North America,Online,100.0
2022-04-30,108,Chairs,100,13500,1,0,0,0.83,0.72,0,Asia,Retail,80.0
2022-05-01,109,Sofas,80,9120,0,0,0,1.15,0.76,0,Europe,Retail,80.0
2022-05-02,109,Tables,80,14560,0,0,0,0.99,0.71,0,Asia,Online,117.0
2022-05-03,102,Tables,117,8307,1,1,26,0.83,0.93,0,Asia,Retail,47.0
2022-05-04,106,Tables,47,3149,1,0,0,1.02,1.07,0,North America,Wholesale,62.0
2022-05-05,100,Beds,62,3782,1,0,0,0.97,0.97,0,Europe,Wholesale,105.0
2022-05-06,103,Chairs,105,5880,1,1,9,1.15,1.03,0,Asia,Wholesale,36.0
2022-05-07,103,Chairs,36,3528,0,0,0,0.88,0.71,0,Europe,Wholesale,117.0
2022-05-08,104,Chairs,117,15093,0,1,11,1.13,0.92,0,Asia,Online,117.0
2022-05-09,106,Beds,117,16965,1,0,0,1.02,0.88,0,Asia,Online,84.0
2022-05-10,106,Chairs,84,5460,0,0,0,0.82,0.9,0,Europe,Online,93.0
2022-05-11,103,Beds,93,5952,0,0,0,1.19,0.73,0,Asia,Wholesale,104.0
2022-05-12,106,Tables,104,18408,0,0,0,1.01,0.97,0,Europe,Wholesale,24.0
2022-05-13,102,Sofas,24,2016,0,0,0,0.92,0.9,0,Asia,Retail,21.0
2022-05-14,105,Chairs,21,2562,1,0,0,0.99,1.01,0,North America,Retail,41.0
2022-05-15,101,Chairs,41,2050,0,0,0,1.14,0.89,1,Europe,Wholesale,131.0
2022-05-16,109,Tables,131,18733,0,0,0,0.92,0.76,0,Asia,Wholesale,76.0
2022-05-17,108,Sofas,76,8132,0,0,0,0.88,0.96,0,Asia,Wholesale,85.0
2022-05-18,104,Beds,85,11390,0,0,0,0.85,0.77,0,North America,Wholesale,93.0
2022-05-19,105,Sofas,93,18135,0,0,0,0.92,1.05,1,Europe,Retail,117.0
2022-05-20,103,Tables,117,12168,0,0,0,1.11,0.95,0,Asia,Wholesale,131.0
2022-05-21,109,Tables,131,11528,1,0,0,0.99,0.76,0,North America,Retail,144.0
2022-05-22,106,Sofas,144,13104,0,0,0,0.89,1.08,0,Asia,Wholesale,105.0
2022-05-23,108,Beds,105,14805,0,0,0,0.87,0.91,1,Europe,Wholesale,95.0
2022-05-24,106,Beds,95,9120,0,0,0,0.93,0.73,0,Asia,Wholesale,107.0
2022-05-25,100,Chairs,107,9202,0,0,0,1.18,0.95,0,Asia,Retail,57.0
2022-05-26,100,Beds,57,11286,0,0,0,0.94,0.8,1,Asia,Retail,78.0
2022-05-27,108,Sofas,78,5070,1,1,5,1.2,1.02,0,Asia,Online,118.0
2022-05-28,108,Tables,118,18054,0,0,0,0.99,1.03,0,North America,Wholesale,82.0
2022-05-29,103,Chairs,82,3608,1,0,0,0.87,1.09,0,North America,Online,68.0
2022-05-30,108,Chairs,68,8364,0,0,0,1.16,0.9,0,Europe,Online,51.0
2022-05-31,102,Tables,51,4641,0,0,0,0.98,0.88,0,North America,Retail,40.0
2022-06-01,106,Beds,40,5760,0,1,22,1.08,1.0,1,North America,Retail,39.0
2022-06-02,105,Tables,39,3627,1,0,0,1.19,0.75,0,Europe,Online,146.0
2022-06-03,107,Beds,146,28324,0,0,0,0.82,0.92,0,North America,Wholesale,87.0
2022-06-04,108,Tables,87,4698,0,0,0,0.84,0.92,1,North America,Retail,129.0
2022-06-05,104,Sofas,129,12900,0,0,0,1.09,0.74,0,Europe,Wholesale,135.0
2022-06-06,100,Beds,135,21735,0,0,0,0.91,0.87,0,Europe,Wholesale,139.0
2022-06-07,102,Sofas,139,8340,0,0,0,0.87,1.04,0,Europe,Online,98.0
2022-06-08,109,Chairs,98,8330,0,0,0,0.82,1.04,0,Asia,Online,135.0
2022-06-09,107,Tables,135,23355,0,0,0,0.81,0.74,0,Asia,Online,111.0
2022-06-10,105,Chairs,111,8547,0,0,0,1.11,0.74,0,Europe,Online,33.0
2022-06-11,107,Chairs,33,3333,0,0,0,0.85,0.81,0,Europe,Retail,144.0
2022-06-12,108,Chairs,144,18000,1,0,0,0.99,1.05,0,Europe,Retail,77.0
2022-06-13,103,Chairs,77,9009,1,0,0,1.04,0.75,0,Asia,Online,47.0
2022-06-14,100,Tables,47,3995,1,1,28,0.97,0.99,1,Asia,Retail,45.0
2022-06-15,100,Chairs,45,8100,0,0,0,0.81,0.74,0,North America,Online,132.0
2022-06-16,109,Tables,132,5544,0,1,12,1.11,0.95,0,North America,Wholesale,85.0
2022-06-17,103,Tables,85,3825,0,0,0,0.8,0.84,0,Europe,Wholesale,63.0
2022-06-18,106,Sofas,63,8316,0,0,0,1.1,1.02,0,Asia,Wholesale,116.0
2022-06-19,101,Beds,116,5452,0,0,0,1.16,0.79,0,Asia,Online,61.0
2022-06-20,102,Beds,61,8967,0,0,0,0.97,0.96,0,Asia,Wholesale,25.0
2022-06-21,100,Tables,25,2850,0,0,0,1.01,0.79,1,Europe,Retail,42.0
2022-06-22,104,Sofas,42,4872,0,0,0,0.99,0.99,1,North America,Wholesale,108.0
2022-06-23,100,Tables,108,9612,1,0,0,0.96,1.05,0,Europe,Wholesale,142.0
2022-06-24,107,Tables,142,7100,0,1,23,1.15,0.75,0,North America,Wholesale,70.0
2022-06-25,100,Tables,70,9380,0,0,0,1.16,1.05,0,North America,Retail,30.0
2022-06-26,100,Sofas,30,5850,0,0,0,0.93,0.94,0,Europe,Online,31.0
2022-06-27,101,Beds,31,3379,0,0,0,1.05,0.75,0,North America,Retail,93.0
2022-06-28,101,Sofas,93,5115,0,0,0,1.17,0.87,0,North America,Online,27.0
2022-06-29,105,Chairs,27,2889,1,0,0,1.18,0.76,0,Asia,Online,60.0
2022-06-30,106,Sofas,60,8280,1,0,0,1.0,0.98,0,North America,Wholesale,104.0
2022-07-01,104,Sofas,104,9048,0,1,24,0.98,1.0,0,Europe,Online,91.0
2022-07-02,100,Sofas,91,9373,1,0,0,0.91,0.74,0,Europe,Retail,74.0
2022-07-03,100,Sofas,74,9546,1,0,0,1.18,0.9,0,North America,Retail,66.0
2022-07-04,102,Beds,66,7590,1,0,0,0.86,1.03,1,Asia,Online,123.0
2022-07-05,101,Chairs,123,21894,1,1,6,1.03,1.07,0,Asia,Wholesale,61.0
2022-07-06,104,Beds,61,8540,0,0,0,0.91,0.91,0,North America,Wholesale,79.0
2022-07-07,109,Beds,79,10112,0,0,0,0.91,1.08,0,North America,Retail,31.0
2022-07-08,105,Sofas,31,1767,0,0,0,0.96,0.91,0,Europe,Wholesale,149.0
2022-07-09,106,Tables,149,8642,0,0,0,1.2,0.86,0,North America,Online,26.0
2022-07-10,103,Tables,26,2444,1,0,0,0.82,1.04,0,Asia,Online,99.0
2022-07-11,106,Beds,99,13959,0,0,0,1.03,0.9,0,North America,Retail,128.0
2022-07-12,107,Beds,128,20096,1,0,0,0.83,0.89,1,Europe,Online,22.0
2022-07-13,100,Sofas,22,4246,1,0,0,0.86,0.9,0,Europe,Retail,46.0
2022-07-14,105,Beds,46,7958,1,0,0,0.98,1.04,0,Europe,Online,133.0
2022-07-15,107,Sofas,133,5719,1,0,0,1.0,1.03,0,Europe,Retail,126.0
2022-07-16,104,Tables,126,18522,0,0,0,0.9,0.86,0,Europe,Wholesale,59.0
2022-07-17,103,Tables,59,9086,0,0,0,0.93,0.83,0,North America,Online,148.0
2022-07-18,101,Chairs,148,10064,0,0,0,0.83,0.9,0,North America,Online,27.0
2022-07-19,105,Tables,27,2646,0,0,0,0.92,0.93,0,North America,Retail,120.0
2022-07-20,105,Beds,120,19680,0,0,0,1.19,0.8,0,North America,Retail,143.0
2022-07-21,100,Tables,143,19591,0,1,27,1.18,1.02,0,Europe,Online,126.0
2022-07-22,108,Sofas,126,7056,1,1,23,0.93,0.89,1,Asia,Retail,120.0
2022-07-23,105,Tables,120,17520,0,0,0,1.03,0.83,0,North America,Online,23.0
2022-07-24,102,Chairs,23,1886,0,0,0,1.16,0.74,0,Asia,Wholesale,129.0
2022-07-25,103,Tables,129,15351,0,0,0,0.8,0.8,0,North America,Retail,38.0
2022-07-26,103,Sofas,38,1786,0,0,0,1.12,1.08,0,North America,Online,51.0
2022-07-27,102,Sofas,51,9180,0,0,0,1.18,0.82,0,Asia,Wholesale,31.0
2022-07-28,109,Beds,31,4495,1,0,0,0.84,0.77,0,Europe,Wholesale,65.0
2022-07-29,102,Tables,65,3055,0,0,0,0.86,0.88,0,North America,Online,138.0
2022-07-30,102,Sofas,138,18630,1,0,0,1.18,0.82,0,North America,Retail,35.0
2022-07-31,103,Chairs,35,4655,0,0,0,1.02,0.71,0,North America,Online,148.0
2022-08-01,106,Beds,148,15392,1,0,0,0.81,0.83,0,Asia,Wholesale,82.0
2022-08-02,103,Chairs,82,6396,0,0,0,0.9,0.92,0,Europe,Online,128.0
2022-08-03,108,Tables,128,15360,0,0,0,0.98,0.92,0,Asia,Retail,138.0
2022-08-04,100,Tables,138,16974,0,1,5,1.08,0.84,0,Asia,Wholesale,40.0
2022-08-05,107,Tables,40,5080,1,1,25,1.09,0.88,0,Europe,Online,32.0
2022-08-06,106,Beds,32,4000,0,0,0,1.2,1.09,0,Asia,Retail,23.0
2022-08-07,101,Sofas,23,3036,0,0,0,0.92,0.85,0,Europe,Wholesale,121.0
2022-08-08,107,Beds,121,15125,1,0,0,1.02,0.8,0,North America,Retail,78.0
2022-08-09,100,Chairs,78,6474,1,0,0,1.01,0.8,0,Europe,Wholesale,147.0
2022-08-10,108,Beds,147,25872,0,0,0,0.96,0.88,0,North America,Online,46.0
2022-08-11,108,Chairs,46,5198,1,0,0,0.87,1.0,0,Asia,Retail,88.0
2022-08-12,101,Beds,88,6600,0,0,0,1.19,0.78,1,Asia,Wholesale,44.0
2022-08-13,106,Sofas,44,6160,0,0,0,1.14,0.98,0,North America,Retail,116.0
2022-08-14,109,Chairs,116,22620,0,0,0,1.0,0.71,0,Asia,Retail,44.0
2022-08-15,102,Tables,44,6292,1,0,0,1.04,0.87,0,Europe,Online,145.0
2022-08-16,106,Tables,145,15225,1,0,0,0.89,1.01,0,North America,Retail,28.0
2022-08-17,109,Beds,28,2632,0,0,0,1.02,0.84,1,Asia,Wholesale,135.0
2022-08-18,108,Tables,135,17550,0,1,27,1.08,0.93,1,North America,Wholesale,79.0
2022-08-19,103,Chairs,79,4819,0,0,0,1.01,0.78,0,Europe,Wholesale,140.0
2022-08-20,100,Tables,140,19600,1,0,0,1.2,1.0,0,Europe,Wholesale,127.0
2022-08-21,101,Sofas,127,24638,1,1,25,1.04,0.72,0,Asia,Online,127.0
2022-08-22,100,Sofas,127,20320,0,1,11,0.95,1.04,0,Europe,Retail,95.0
2022-08-23,104,Beds,95,12540,1,0,0,1.11,0.78,0,North America,Online,49.0
2022-08-24,104,Chairs,49,7203,1,1,19,0.87,1.05,0,Europe,Retail,40.0
2022-08-25,106,Sofas,40,7200,0,0,0,0.95,0.84,1,North America,Retail,53.0
2022-08-26,108,Sofas,53,2597,0,0,0,0.94,0.99,0,North America,Retail,60.0
2022-08-27,108,Chairs,60,2880,0,0,0,0.97,0.83,0,Europe,Online,70.0
2022-08-28,102,Tables,70,13580,0,0,0,1.11,1.06,1,Asia,Retail,101.0
2022-08-29,102,Tables,101,7373,0,0,0,0.99,0.75,1,Europe,Online,77.0
2022-08-30,102,Beds,77,12936,0,0,0,1.12,0.77,0,North America,Wholesale,94.0
2022-08-31,103,Tables,94,18706,1,0,0,1.03,0.9,0,North America,Wholesale,42.0
2022-09-01,107,Chairs,42,5376,0,0,0,0.94,0.73,0,Europe,Retail,147.0
2022-09-02,105,Sofas,147,19404,0,0,0,1.12,0.78,0,Asia,Online,36.0
2022-09-03,107,Tables,36,3960,0,0,0,0.9,1.08,1,Asia,Wholesale,88.0
2022-09-04,100,Beds,88,9328,0,0,0,0.89,1.09,1,North America,Online,127.0
2022-09-05,107,Tables,127,23749,0,0,0,1.0,0.85,0,North America,Online,113.0
2022-09-06,103,Chairs,113,17628,0,0,0,0.9,1.07,0,Asia,Retail,34.0
2022-09-07,100,Beds,34,4522,0,1,9,0.8,0.92,0,Europe,Wholesale,110.0
2022-09-08,107,Tables,110,15180,0,0,0,1.06,0.81,1,North America,Retail,52.0
2022-09-09,103,Beds,52,7904,0,0,0,1.0,0.98,0,North America,Retail,144.0
2022-09-10,105,Chairs,144,20448,0,0,0,0.98,0.96,0,Asia,Wholesale,35.0
2022-09-11,107,Sofas,35,4550,1,0,0,1.19,1.1,0,Europe,Wholesale,85.0
2022-09-12,103,Chairs,85,10965,0,0,0,1.03,0.81,0,Asia,Online,66.0
2022-09-13,102,Chairs,66,3696,0,0,0,1.15,0.97,0,Europe,Wholesale,143.0
2022-09-14,108,Chairs,143,8151,1,0,0,0.86,0.72,0,Europe,Online,20.0
2022-09-15,102,Chairs,20,3100,0,0,0,1.03,0.75,1,Europe,Online,106.0
2022-09-16,108,Sofas,106,13992,0,1,25,1.15,0.7,1,North America,Online,147.0
2022-09-17,101,Sofas,147,19110,1,0,0,1.03,1.1,0,Asia,Wholesale,86.0
2022-09-18,101,Beds,86,10406,0,0,0,1.09,1.02,0,Asia,Retail,23.0
2022-09-19,101,Tables,23,2461,0,1,22,0.95,1.01,0,Europe,Online,66.0
2022-09-20,105,Sofas,66,10098,1,0,0,0.84,0.9,0,North America,Retail,57.0
2022-09-21,102,Sofas,57,2280,1,0,0,0.98,0.82,0,North America,Retail,40.0
2022-09-22,108,Tables,40,3880,1,0,0,0.96,0.76,1,Asia,Wholesale,76.0
2022-09-23,103,Sofas,76,14668,0,0,0,1.15,0.81,0,North America,Retail,136.0
2022-09-24,100,Chairs,136,20128,0,0,0,0.9,0.85,0,North America,Retail,65.0
2022-09-25,103,Chairs,65,12155,0,0,0,1.19,1.0,1,Europe,Wholesale,58.0
2022-09-26,100,Tables,58,8990,0,0,0,1.18,0.92,1,North America,Online,118.0
2022-09-27,104,Beds,118,14868,0,0,0,0.9,0.73,0,Europe,Retail,96.0
2022-09-28,103,Beds,96,4704,0,0,0,0.94,0.71,0,Asia,Wholesale,134.0
2022-09-29,107,Tables,134,13132,1,0,0,1.16,0.74,0,North America,Retail,110.0
2022-09-30,107,Tables,110,8800,0,0,0,1.19,0.86,0,Asia,Retail,117.0
2022-10-01,106,Chairs,117,16848,0,1,8,0.98,1.07,0,Asia,Online,139.0
2022-10-02,102,Beds,139,23908,0,0,0,0.93,0.95,0,North America,Retail,65.0
2022-10-03,100,Sofas,65,10465,0,0,0,1.01,1.02,1,North America,Wholesale,57.0
2022-10-04,100,Chairs,57,10488,0,0,0,1.08,0.89,0,Asia,Retail,119.0
2022-10-05,102,Tables,119,7259,0,0,0,0.91,0.84,0,North America,Online,91.0
2022-10-06,105,Beds,91,12467,0,0,0,1.09,0.74,0,Europe,Online,54.0
2022-10-07,106,Sofas,54,5778,0,0,0,0.82,1.05,0,Europe,Wholesale,49.0
2022-10-08,105,Sofas,49,8722,1,1,5,0.82,1.01,0,North America,Online,97.0
2022-10-09,105,Chairs,97,9215,1,1,20,0.95,0.77,0,Asia,Retail,103.0
2022-10-10,105,Beds,103,19364,0,0,0,0.94,0.9,0,North America,Online,132.0
2022-10-11,102,Beds,132,18216,0,0,0,0.93,0.89,0,North America,Wholesale,44.0
2022-10-12,105,Tables,44,5060,1,0,0,1.0,0.95,0,Asia,Online,107.0
2022-10-13,107,Beds,107,6955,1,0,0,0.93,1.08,0,Asia,Online,33.0
2022-10-14,101,Beds,33,5082,0,0,0,0.88,0.93,0,Europe,Online,121.0
2022-10-15,104,Chairs,121,22506,1,0,0,0.92,0.92,0,Asia,Wholesale,102.0
2022-10-16,100,Beds,102,15096,0,0,0,1.19,0.72,0,Europe,Online,129.0
2022-10-17,100,Sofas,129,11094,1,0,0,0.96,0.73,0,Asia,Online,38.0
2022-10-18,104,Chairs,38,4180,1,0,0,0.98,0.77,1,North America,Retail,47.0
2022-10-19,102,Chairs,47,9071,0,1,6,1.03,0.71,1,Europe,Wholesale,90.0
2022-10-20,103,Tables,90,7110,1,0,0,1.19,1.0,0,Europe,Online,82.0
2022-10-21,102,Beds,82,14104,0,0,0,0.9,0.99,0,Europe,Wholesale,92.0
2022-10-22,100,Tables,92,17296,1,0,0,1.07,0.75,0,North America,Online,143.0
2022-10-23,100,Sofas,143,24453,0,0,0,1.09,1.03,0,North America,Online,138.0
2022-10-24,104,Chairs,138,8556,1,0,0,1.04,0.76,0,North America,Online,140.0
2022-10-25,105,Chairs,140,20300,0,0,0,0.84,0.82,1,North America,Retail,38.0
2022-10-26,102,Chairs,38,4674,0,0,0,1.07,0.8,1,North America,Retail,139.0
2022-10-27,108,Sofas,139,25298,0,0,0,0.83,0.85,0,Europe,Retail,80.0
2022-10-28,104,Sofas,80,12400,1,0,0,1.04,0.8,0,North America,Wholesale,49.0
2022-10-29,107,Tables,49,7252,1,0,0,1.1,0.9,0,Europe,Wholesale,28.0
2022-10-30,100,Tables,28,4900,1,0,0,0.88,0.86,0,North America,Retail,83.0
2022-10-31,104,Tables,83,6640,1,1,18,1.14,1.09,0,Asia,Wholesale,139.0
2022-11-01,102,Beds,139,20989,0,0,0,0.81,0.72,0,Europe,Online,71.0
2022-11-02,100,Chairs,71,13206,0,0,0,1.14,0.76,0,Asia,Online,108.0
2022-11-03,103,Chairs,108,16308,0,0,0,0.98,0.72,0,Europe,Online,72.0
2022-11-04,104,Tables,72,10224,0,1,14,0.89,0.95,0,Asia,Retail,97.0
2022-11-05,106,Chairs,97,8245,0,0,0,0.85,0.72,0,North America,Wholesale,60.0
2022-11-06,100,Tables,60,11700,0,0,0,1.18,1.03,0,North America,Retail,87.0
2022-11-07,102,Beds,87,9309,0,0,0,0.83,0.9,0,North America,Wholesale,27.0
2022-11-08,101,Beds,27,4347,0,0,0,0.88,0.91,0,Europe,Online,21.0
2022-11-09,108,Sofas,21,1134,0,0,0,0.94,0.92,0,Asia,Retail,124.0
2022-11-10,109,Beds,124,20832,0,0,0,1.05,0.77,0,North America,Wholesale,144.0
2022-11-11,105,Tables,144,21600,1,1,14,1.02,0.78,0,Asia,Wholesale,129.0
2022-11-12,109,Beds,129,8127,1,0,0,0.85,0.83,0,Asia,Online,105.0
2022-11-13,102,Sofas,105,6930,1,0,0,0.92,0.94,0,North America,Retail,139.0
2022-11-14,107,Chairs,139,10981,0,0,0,0.9,0.78,1,North America,Retail,146.0
2022-11-15,107,Tables,146,9198,0,0,0,0.89,0.75,0,Asia,Retail,35.0
2022-11-16,101,Chairs,35,2205,1,1,16,0.96,1.09,0,North America,Online,81.0
2022-11-17,105,Sofas,81,3483,0,0,0,1.08,0.71,0,North America,Retail,132.0
2022-11-18,106,Sofas,132,13992,0,0,0,0.89,1.02,0,North America,Online,31.0
2022-11-19,101,Sofas,31,2263,0,0,0,0.95,1.02,0,Europe,Online,54.0
2022-11-20,109,Chairs,54,8370,0,0,0,0.96,0.82,1,Asia,Online,30.0
2022-11-21,101,Chairs,30,1860,0,0,0,1.19,0.75,0,Asia,Wholesale,83.0
2022-11-22,109,Chairs,83,12284,0,0,0,1.18,0.76,0,Europe,Retail,69.0
2022-11-23,100,Chairs,69,7452,0,1,22,1.12,0.98,1,Asia,Retail,88.0
2022-11-24,107,Sofas,88,11792,0,1,6,0.9,0.96,0,North America,Online,67.0
2022-11-25,100,Sofas,67,6767,0,0,0,0.83,1.01,0,Asia,Online,39.0
2022-11-26,108,Tables,39,3744,1,1,22,0.93,1.07,0,North America,Retail,120.0
2022-11-27,105,Tables,120,11160,0,0,0,0.91,0.98,0,Europe,Online,87.0
2022-11-28,106,Chairs,87,9483,0,0,0,1.0,0.76,0,North America,Retail,54.0
2022-11-29,109,Beds,54,7560,1,0,0,1.11,0.8,0,Asia,Wholesale,84.0
2022-11-30,106,Beds,84,8064,0,0,0,1.14,1.04,0,Asia,Online,27.0
2022-12-01,109,Sofas,27,4779,0,0,0,1.14,0.78,0,Asia,Retail,64.0
2022-12-02,102,Sofas,64,11136,0,0,0,0.94,0.73,0,Europe,Online,106.0
2022-12-03,101,Sofas,106,15052,0,0,0,1.07,0.98,0,Europe,Retail,95.0
2022-12-04,108,Tables,95,11780,0,0,0,0.93,0.86,0,Asia,Retail,95.0
2022-12-05,107,Tables,95,9500,1,0,0,0.82,1.07,0,North America,Online,66.0
2022-12-06,109,Sofas,66,2772,0,0,0,1.08,0.96,0,Europe,Wholesale,34.0
2022-12-07,106,Sofas,34,5678,0,0,0,0.8,0.74,1,Asia,Retail,124.0
2022-12-08,108,Sofas,124,15500,0,0,0,0.96,1.08,0,Asia,Retail,45.0
2022-12-09,103,Beds,45,3870,0,0,0,0.93,0.8,0,Europe,Retail,71.0
2022-12-10,103,Tables,71,8165,0,0,0,1.08,0.83,0,Europe,Wholesale,112.0
2022-12-11,100,Beds,112,8624,0,1,10,1.11,0.86,0,Europe,Wholesale,40.0
2022-12-12,107,Beds,40,7200,0,0,0,0.92,0.72,0,North America,Online,70.0
2022-12-13,102,Sofas,70,8820,0,0,0,1.12,0.9,0,North America,Wholesale,57.0
2022-12-14,106,Sofas,57,5529,0,1,28,0.92,0.75,0,Asia,Online,39.0
2022-12-15,101,Chairs,39,3471,0,0,0,0.98,0.86,0,Europe,Online,74.0
2022-12-16,101,Chairs,74,5106,1,0,0,1.09,0.84,0,North America,Wholesale,111.0
2022-12-17,106,Beds,111,15540,0,0,0,1.08,1.01,0,Europe,Online,47.0
2022-12-18,105,Tables,47,3008,0,1,5,1.19,1.02,0,Asia,Wholesale,23.0
2022-12-19,102,Sofas,23,3473,0,0,0,0.89,0.76,0,North America,Online,95.0
2022-12-20,108,Sofas,95,18430,1,0,0,1.06,0.85,0,North America,Wholesale,86.0
2022-12-21,109,Beds,86,14190,0,0,0,1.04,0.85,0,North America,Wholesale,105.0
2022-12-22,105,Chairs,105,17010,0,0,0,1.17,0.76,0,Asia,Online,110.0
2022-12-23,109,Tables,110,9460,1,0,0,0.86,1.02,0,Europe,Retail,124.0
2022-12-24,109,Chairs,124,19468,1,0,0,1.1,0.98,0,North America,Online,20.0
2022-12-25,105,Chairs,20,1560,0,0,0,1.03,0.78,0,Asia,Wholesale,91.0
2022-12-26,100,Chairs,91,5005,0,1,13,0.91,0.85,0,Europe,Retail,106.0
2022-12-27,103,Chairs,106,6466,1,0,0,0.99,0.74,0,Asia,Online,25.0
2022-12-28,109,Sofas,25,2325,1,0,0,0.93,0.95,0,Europe,Online,80.0
2022-12-29,105,Sofas,80,15040,1,1,21,1.03,0.75,0,Asia,Online,31.0
2022-12-30,105,Chairs,31,1705,0,0,0,1.16,1.09,0,Europe,Retail,25.0
2022-12-31,104,Tables,25,2450,0,0,0,1.03,1.01,0,North America,Wholesale,46.0
2023-01-01,100,Beds,46,3220,0,0,0,1.05,0.86,1,Europe,Online,143.0
2023-01-02,107,Tables,143,10153,1,1,12,1.01,0.93,0,Asia,Online,125.0
2023-01-03,104,Tables,125,6000,0,0,0,0.82,1.06,0,Asia,Online,112.0
2023-01-04,104,Tables,112,19936,0,0,0,0.89,0.92,1,Europe,Online,128.0
2023-01-05,106,Chairs,128,6272,1,1,25,1.0,0.77,0,North America,Online,118.0
2023-01-06,103,Sofas,118,6608,0,0,0,0.92,0.85,0,North America,Wholesale,54.0
2023-01-07,105,Tables,54,5778,1,1,27,0.87,1.04,0,Europe,Wholesale,103.0
2023-01-08,103,Chairs,103,8961,0,1,28,1.0,0.96,0,Europe,Online,75.0
2023-01-09,102,Tables,75,11250,0,0,0,0.93,0.96,0,Asia,Retail,68.0
2023-01-10,106,Tables,68,13056,0,0,0,0.9,1.05,0,North America,Wholesale,65.0
2023-01-11,107,Chairs,65,10530,1,0,0,0.99,1.06,0,Europe,Retail,132.0
2023-01-12,103,Sofas,132,24816,0,0,0,0.85,1.07,0,North America,Wholesale,62.0
2023-01-13,101,Sofas,62,8680,0,0,0,1.17,0.74,0,Europe,Online,143.0
2023-01-14,109,Beds,143,20163,1,0,0,1.15,0.92,0,Europe,Wholesale,116.0
2023-01-15,102,Chairs,116,12064,0,1,24,1.08,1.0,0,North America,Online,109.0
2023-01-16,100,Beds,109,9810,0,0,0,0.84,1.0,0,Europe,Wholesale,58.0
2023-01-17,107,Beds,58,4350,0,0,0,1.11,0.94,0,Europe,Online,104.0
2023-01-18,102,Beds,104,12480,0,1,22,1.12,0.77,0,Asia,Online,81.0
2023-01-19,109,Sofas,81,13446,0,1,21,1.11,1.02,0,Europe,Online,125.0
2023-01-20,106,Chairs,125,15875,0,0,0,0.85,0.99,0,Europe,Online,126.0
2023-01-21,109,Beds,126,18018,0,1,18,1.06,0.73,0,Europe,Retail,73.0
2023-01-22,104,Chairs,73,3942,0,0,0,1.13,0.89,0,Asia,Online,145.0
2023-01-23,109,Chairs,145,19575,0,1,8,1.03,0.77,0,North America,Retail,28.0
2023-01-24,104,Sofas,28,4536,0,0,0,1.06,0.83,1,Asia,Retail,107.0
2023-01-25,106,Beds,107,4280,0,0,0,0.98,0.71,0,Asia,Online,56.0
2023-01-26,108,Beds,56,10640,0,0,0,1.01,0.86,0,North America,Retail,68.0
2023-01-27,104,Chairs,68,10948,0,0,0,0.81,0.92,0,Asia,Wholesale,60.0
2023-01-28,100,Tables,60,9900,0,0,0,1.06,0.95,0,North America,Online,36.0
2023-01-29,109,Sofas,36,3456,0,0,0,0.83,0.97,0,Asia,Retail,107.0
2023-01-30,109,Sofas,107,12840,1,0,0,0.97,1.03,0,North America,Online,40.0
2023-01-31,100,Sofas,40,4480,0,1,13,0.92,0.79,0,Europe,Online,70.0
2023-02-01,101,Sofas,70,12600,1,0,0,1.02,0.75,1,Asia,Online,78.0
2023-02-02,105,Beds,78,8502,1,0,0,0.85,1.04,0,Asia,Retail,60.0
2023-02-03,108,Beds,60,2700,0,0,0,1.08,0.76,0,Asia,Wholesale,58.0
2023-02-04,107,Tables,58,7134,0,0,0,1.12,1.09,0,Asia,Wholesale,30.0
2023-02-05,104,Sofas,30,2730,0,1,27,0.87,1.04,1,Europe,Retail,96.0
2023-02-06,100,Sofas,96,4032,1,1,23,0.84,0.9,0,Asia,Online,146.0
2023-02-07,106,Chairs,146,17520,0,0,0,0.86,1.09,0,Europe,Retail,65.0
2023-02-08,104,Beds,65,6630,0,0,0,1.15,0.74,1,Europe,Retail,64.0
2023-02-09,105,Sofas,64,5632,0,0,0,1.01,0.82,0,Europe,Retail,20.0
2023-02-10,106,Tables,20,2300,1,0,0,0.99,0.96,0,Europe,Online,127.0
2023-02-11,102,Tables,127,19177,1,1,22,0.84,0.84,0,North America,Retail,38.0
2023-02-12,109,Beds,38,5624,0,0,0,1.06,1.07,0,North America,Online,95.0
2023-02-13,102,Tables,95,9880,0,0,0,1.15,0.73,0,Asia,Retail,91.0
2023-02-14,104,Tables,91,10920,0,0,0,1.13,0.92,0,North America,Wholesale,128.0
2023-02-15,105,Beds,128,6912,0,0,0,1.05,0.94,0,North America,Retail,31.0
2023-02-16,108,Sofas,31,4309,1,1,14,0.83,0.96,0,Asia,Retail,64.0
2023-02-17,104,Sofas,64,4544,0,0,0,0.84,0.8,0,Asia,Wholesale,109.0
2023-02-18,100,Tables,109,14715,0,0,0,0.82,0.85,0,Asia,Online,122.0
2023-02-19,103,Tables,122,20374,0,0,0,0.9,1.04,0,North America,Online,27.0
2023-02-20,104,Sofas,27,4995,1,0,0,0.85,0.78,0,North America,Retail,110.0
2023-02-21,109,Beds,110,16720,1,0,0,0.9,1.03,0,Asia,Wholesale,106.0
2023-02-22,109,Tables,106,12932,0,0,0,0.95,0.93,0,Europe,Online,103.0
2023-02-23,104,Chairs,103,8446,1,0,0,1.18,1.0,0,Asia,Retail,101.0
2023-02-24,106,Beds,101,15655,0,0,0,1.04,0.99,0,Europe,Wholesale,87.0
2023-02-25,103,Tables,87,10179,0,0,0,1.13,0.78,0,Europe,Online,146.0
2023-02-26,100,Tables,146,14162,0,0,0,1.08,0.93,0,Asia,Online,101.0
2023-02-27,104,Chairs,101,7272,0,0,0,0.85,1.05,0,Asia,Wholesale,103.0
2023-02-28,106,Chairs,103,5459,0,0,0,1.09,0.87,0,Asia,Wholesale,132.0
2023-03-01,109,Sofas,132,22572,1,0,0,0.91,1.09,0,North America,Wholesale,95.0
2023-03-02,109,Beds,95,9310,0,0,0,1.06,0.88,0,Europe,Wholesale,141.0
2023-03-03,105,Beds,141,27636,0,0,0,0.94,0.76,0,North America,Retail,60.0
2023-03-04,104,Sofas,60,7320,0,0,0,1.2,0.86,0,North America,Wholesale,21.0
2023-03-05,103,Beds,21,3633,0,0,0,0.91,1.08,1,Asia,Online,48.0
2023-03-06,101,Beds,48,7680,1,0,0,0.91,0.83,0,North America,Online,124.0
2023-03-07,103,Beds,124,15128,0,0,0,1.17,1.05,0,Asia,Retail,70.0
2023-03-08,109,Beds,70,4620,0,0,0,0.81,1.05,0,Europe,Online,94.0
2023-03-09,109,Beds,94,11186,1,0,0,1.08,0.84,0,Asia,Online,29.0
2023-03-10,102,Chairs,29,5017,0,0,0,1.09,0.73,1,North America,Wholesale,70.0
2023-03-11,109,Beds,70,3640,0,0,0,1.13,0.99,0,North America,Online,137.0
2023-03-12,100,Chairs,137,14111,0,1,26,1.19,0.82,0,Asia,Retail,140.0
2023-03-13,107,Beds,140,26040,0,0,0,1.19,1.01,0,Asia,Wholesale,58.0
2023-03-14,104,Sofas,58,6902,1,0,0,0.83,0.88,0,North America,Wholesale,47.0
2023-03-15,103,Tables,47,7614,1,0,0,1.13,0.89,0,Europe,Retail,22.0
2023-03-16,107,Chairs,22,1804,0,0,0,1.06,1.01,0,Europe,Wholesale,103.0
2023-03-17,106,Beds,103,13184,1,0,0,1.06,0.85,0,Asia,Wholesale,136.0
2023-03-18,101,Sofas,136,25432,0,0,0,0.85,0.88,0,Europe,Retail,21.0
2023-03-19,100,Tables,21,2814,0,1,20,1.06,0.85,0,North America,Wholesale,112.0
2023-03-20,103,Chairs,112,21280,0,0,0,1.19,0.85,0,Asia,Retail,113.0
2023-03-21,107,Tables,113,4633,0,1,11,1.16,0.91,0,North America,Retail,59.0
2023-03-22,101,Sofas,59,9381,0,0,0,0.98,1.02,0,North America,Online,21.0
2023-03-23,102,Chairs,21,1281,0,0,0,0.82,0.84,0,Europe,Online,100.0
2023-03-24,100,Tables,100,15400,1,0,0,0.94,0.91,0,Asia,Wholesale,31.0
2023-03-25,100,Beds,31,2976,0,0,0,1.13,0.97,0,Asia,Wholesale,84.0
2023-03-26,102,Chairs,84,9324,0,0,0,1.08,0.81,0,Europe,Retail,74.0
2023-03-27,104,Tables,74,3404,0,0,0,0.98,0.81,1,North America,Wholesale,64.0
2023-03-28,102,Sofas,64,10112,0,0,0,0.82,1.07,0,North America,Retail,120.0
2023-03-29,100,Sofas,120,18360,0,1,15,0.97,0.99,0,North America,Retail,81.0
2023-03-30,100,Chairs,81,4455,0,1,18,0.99,0.93,0,North America,Wholesale,68.0
2023-03-31,107,Tables,68,8296,1,0,0,1.17,0.96,0,Asia,Retail,146.0
2023-04-01,109,Chairs,146,16206,0,0,0,1.06,0.71,0,Asia,Online,42.0
2023-04-02,101,Chairs,42,6846,0,0,0,0.92,0.95,0,Europe,Wholesale,57.0
2023-04-03,102,Tables,57,8664,0,0,0,1.01,0.9,0,Europe,Online,47.0
2023-04-04,101,Tables,47,2397,0,0,0,0.83,0.92,1,Asia,Wholesale,40.0
2023-04-05,102,Beds,40,6600,0,0,0,1.19,0.84,0,Asia,Retail,126.0
2023-04-06,106,Tables,126,11592,1,0,0,0.94,0.73,0,North America,Wholesale,118.0
2023-04-07,100,Sofas,118,13452,0,0,0,0.99,0.78,0,North America,Online,138.0
2023-04-08,109,Chairs,138,23736,0,1,15,0.94,1.08,0,Europe,Retail,92.0
2023-04-09,107,Chairs,92,6072,0,0,0,1.07,0.86,0,Asia,Wholesale,141.0
2023-04-10,109,Sofas,141,25239,0,1,18,1.06,0.89,0,Europe,Wholesale,49.0
2023-04-11,109,Tables,49,9016,0,0,0,1.09,0.72,1,Asia,Wholesale,127.0
2023-04-12,109,Sofas,127,21971,1,0,0,0.91,0.72,1,North America,Online,117.0
2023-04-13,101,Sofas,117,15912,0,0,0,0.93,0.99,0,Europe,Online,51.0
2023-04-14,102,Beds,51,2244,1,0,0,0.85,0.92,0,Europe,Wholesale,98.0
2023-04-15,108,Sofas,98,9408,0,0,0,1.06,0.9,0,Asia,Retail,60.0
2023-04-16,106,Chairs,60,11700,1,0,0,0.82,0.8,0,North America,Retail,82.0
2023-04-17,103,Sofas,82,9594,0,0,0,1.04,1.0,0,Europe,Online,42.0
2023-04-18,109,Chairs,42,4536,0,0,0,1.15,0.77,0,North America,Retail,123.0
2023-04-19,104,Chairs,123,19311,0,0,0,1.16,0.78,0,Europe,Online,94.0
2023-04-20,101,Chairs,94,14946,1,0,0,0.98,0.88,0,North America,Wholesale,67.0
2023-04-21,107,Tables,67,6566,0,0,0,0.98,0.81,0,Asia,Online,76.0
2023-04-22,103,Beds,76,5472,0,0,0,0.83,0.8,0,Europe,Online,137.0
2023-04-23,108,Chairs,137,13837,0,0,0,1.07,0.96,0,Europe,Wholesale,119.0
2023-04-24,104,Chairs,119,10591,1,0,0,1.13,0.96,0,North America,Retail,143.0
2023-04-25,108,Tables,143,21593,0,1,6,0.9,1.03,0,North America,Online,53.0
2023-04-26,103,Chairs,53,3074,1,0,0,0.97,0.87,0,Europe,Online,26.0
2023-04-27,109,Sofas,26,4212,0,0,0,1.14,0.73,0,Asia,Wholesale,75.0
2023-04-28,104,Sofas,75,6450,0,0,0,1.15,0.81,0,North America,Retail,84.0
2023-04-29,108,Beds,84,6048,0,0,0,0.9,1.09,0,North America,Online,66.0
2023-04-30,107,Chairs,66,11880,1,0,0,1.02,0.94,0,North America,Wholesale,38.0
2023-05-01,102,Tables,38,4674,0,0,0,0.88,0.98,0,Europe,Online,145.0
2023-05-02,100,Sofas,145,25230,1,0,0,0.84,0.7,0,Europe,Wholesale,68.0
2023-05-03,102,Tables,68,8024,0,0,0,1.16,0.91,0,Europe,Retail,132.0
2023-05-04,103,Tables,132,6996,0,0,0,1.13,0.72,0,Europe,Retail,57.0
2023-05-05,101,Sofas,57,10602,0,0,0,1.1,0.93,0,Asia,Retail,83.0
2023-05-06,100,Tables,83,13861,0,0,0,0.82,1.07,0,Asia,Retail,88.0
2023-05-07,106,Sofas,88,8184,1,1,18,1.14,1.09,0,Europe,Online,135.0
2023-05-08,107,Tables,135,25245,1,0,0,0.98,0.92,0,Asia,Online,84.0
2023-05-09,106,Sofas,84,5712,1,0,0,0.94,0.88,0,North America,Retail,50.0
2023-05-10,104,Chairs,50,3150,1,0,0,1.02,1.08,0,North America,Retail,132.0
2023-05-11,100,Beds,132,15972,0,0,0,0.84,0.97,0,North America,Retail,128.0
2023-05-12,106,Sofas,128,13056,0,1,6,1.1,0.73,0,Europe,Online,88.0
2023-05-13,106,Sofas,88,12672,1,0,0,1.03,0.89,1,North America,Retail,139.0
2023-05-14,108,Beds,139,13344,0,1,18,0.87,0.8,0,Asia,Retail,107.0
2023-05-15,102,Sofas,107,18725,1,1,20,0.88,0.89,0,Europe,Retail,86.0
2023-05-16,108,Sofas,86,8686,1,0,0,0.87,0.88,0,Asia,Wholesale,94.0
2023-05-17,100,Tables,94,18424,0,0,0,0.82,0.93,0,North America,Retail,64.0
2023-05-18,100,Beds,64,3584,1,0,0,1.04,0.84,0,North America,Wholesale,23.0
2023-05-19,103,Chairs,23,2415,0,1,18,1.14,0.77,0,North America,Wholesale,126.0
2023-05-20,108,Sofas,126,5670,0,0,0,0.81,0.9,0,Europe,Retail,70.0
2023-05-21,105,Beds,70,6790,0,0,0,0.82,1.03,0,Asia,Wholesale,69.0
2023-05-22,102,Tables,69,7452,0,0,0,1.03,0.97,0,Europe,Retail,25.0
2023-05-23,100,Chairs,25,4875,0,0,0,1.13,0.84,0,Europe,Online,78.0
2023-05-24,103,Beds,78,7878,0,0,0,0.93,1.07,1,North America,Online,144.0
2023-05-25,108,Chairs,144,17424,1,0,0,0.94,1.06,0,Europe,Online,49.0
2023-05-26,102,Chairs,49,5390,1,1,24,1.04,0.78,0,Europe,Online,141.0
2023-05-27,108,Chairs,141,23970,0,1,26,0.91,0.72,0,North America,Wholesale,144.0
2023-05-28,106,Sofas,144,7056,0,1,25,0.81,1.0,0,Europe,Retail,56.0
2023-05-29,103,Sofas,56,7672,1,0,0,1.09,1.03,0,North America,Retail,143.0
2023-05-30,102,Tables,143,18304,0,0,0,1.05,1.09,0,North America,Retail,120.0
2023-05-31,109,Tables,120,8880,0,0,0,1.03,1.06,0,North America,Online,54.0
2023-06-01,104,Beds,54,2214,0,0,0,1.1,0.94,0,North America,Online,106.0
2023-06-02,104,Tables,106,17278,0,0,0,1.07,0.91,1,Europe,Retail,37.0
2023-06-03,102,Chairs,37,2331,0,0,0,0.88,0.71,0,North America,Online,132.0
2023-06-04,108,Chairs,132,14916,1,0,0,0.94,0.8,0,North America,Retail,48.0
2023-06-05,103,Sofas,48,2928,0,1,25,0.85,0.88,0,Europe,Retail,96.0
2023-06-06,104,Chairs,96,18528,0,0,0,0.85,0.95,1,Europe,Retail,78.0
2023-06-07,103,Beds,78,6084,0,0,0,1.07,0.92,0,Asia,Retail,145.0
2023-06-08,104,Chairs,145,28420,0,0,0,1.14,1.0,0,Europe,Retail,128.0
2023-06-09,106,Chairs,128,7552,0,0,0,1.19,0.81,0,Europe,Retail,41.0
2023-06-10,108,Beds,41,3280,1,0,0,1.05,0.93,0,Asia,Retail,87.0
2023-06-11,106,Tables,87,16269,1,1,15,0.87,0.74,1,Europe,Online,88.0
2023-06-12,104,Tables,88,12936,0,1,19,0.84,0.87,0,Europe,Retail,68.0
2023-06-13,109,Beds,68,12648,1,1,7,1.13,1.0,0,Europe,Retail,128.0
2023-06-14,109,Sofas,128,15744,1,1,9,1.03,0.98,0,Europe,Online,105.0
2023-06-15,106,Chairs,105,15750,1,0,0,1.05,1.1,0,Asia,Online,72.0
2023-06-16,109,Beds,72,7560,0,0,0,1.11,0.81,0,Europe,Online,142.0
2023-06-17,104,Chairs,142,27974,0,0,0,1.08,0.9,0,Europe,Retail,106.0
2023-06-18,102,Sofas,106,9752,0,0,0,1.13,0.83,0,Asia,Wholesale,61.0
2023-06-19,106,Chairs,61,4453,0,0,0,0.82,0.88,0,North America,Wholesale,117.0
2023-06-20,101,Beds,117,22113,0,0,0,1.1,1.04,1,Asia,Online,128.0
2023-06-21,108,Chairs,128,13568,0,0,0,1.14,0.97,0,North America,Wholesale,70.0
2023-06-22,109,Tables,70,12110,1,0,0,0.91,1.05,0,Asia,Online,104.0
2023-06-23,109,Sofas,104,6864,1,0,0,1.06,0.78,0,Asia,Retail,146.0
2023-06-24,100,Sofas,146,7154,1,0,0,0.93,1.05,0,Europe,Wholesale,40.0
2023-06-25,105,Sofas,40,4480,0,0,0,1.18,0.72,0,North America,Retail,63.0
2023-06-26,106,Beds,63,8505,0,0,0,0.81,1.06,0,Europe,Wholesale,122.0
2023-06-27,107,Sofas,122,10614,0,0,0,1.03,0.83,0,North America,Retail,87.0
2023-06-28,109,Tables,87,9483,0,0,0,0.87,0.83,0,Asia,Wholesale,148.0
2023-06-29,108,Beds,148,20572,0,0,0,1.08,0.9,0,Asia,Retail,111.0
2023-06-30,101,Tables,111,10878,0,0,0,0.87,1.08,0,North America,Retail,43.0
2023-07-01,109,Chairs,43,1763,0,0,0,0.89,0.72,1,Europe,Wholesale,144.0
2023-07-02,101,Chairs,144,28224,1,0,0,1.0,0.84,0,Europe,Retail,130.0
2023-07-03,104,Chairs,130,13520,0,0,0,1.17,1.04,0,Europe,Retail,117.0
2023-07-04,104,Chairs,117,14274,1,0,0,0.88,0.86,0,Europe,Retail,36.0
2023-07-05,105,Tables,36,6948,0,0,0,0.86,0.78,1,Asia,Wholesale,118.0
2023-07-06,102,Beds,118,5782,0,0,0,1.1,0.87,0,Asia,Wholesale,101.0
2023-07-07,107,Beds,101,9292,0,0,0,1.0,0.85,0,Asia,Retail,123.0
2023-07-08,100,Sofas,123,14514,0,0,0,1.16,1.07,0,Asia,Retail,38.0
2023-07-09,105,Tables,38,3724,0,0,0,0.86,1.0,0,Asia,Wholesale,104.0
2023-07-10,103,Chairs,104,19656,0,0,0,1.06,0.9,0,Europe,Wholesale,27.0
2023-07-11,100,Tables,27,2349,0,0,0,0.89,1.1,0,Europe,Retail,47.0
2023-07-12,106,Sofas,47,8836,0,0,0,0.86,0.89,0,Europe,Retail,24.0
2023-07-13,108,Sofas,24,3888,0,0,0,1.07,0.72,1,Europe,Retail,120.0
2023-07-14,103,Tables,120,7320,1,0,0,1.04,0.8,0,Asia,Online,137.0
2023-07-15,103,Tables,137,19043,0,0,0,1.1,0.87,0,Asia,Wholesale,83.0
2023-07-16,105,Tables,83,11371,1,0,0,0.92,0.76,0,Asia,Online,110.0
2023-07-17,102,Beds,110,21670,0,0,0,0.98,1.08,0,North America,Wholesale,136.0
2023-07-18,105,Chairs,136,8704,1,0,0,0.96,1.01,0,Europe,Wholesale,117.0
2023-07-19,106,Tables,117,7839,1,0,0,1.19,0.81,0,Europe,Wholesale,30.0
2023-07-20,109,Tables,30,4560,0,0,0,0.92,0.94,0,Asia,Wholesale,73.0
2023-07-21,109,Tables,73,6132,0,0,0,0.92,0.99,0,Europe,Wholesale,66.0
2023-07-22,102,Sofas,66,7062,1,1,11,0.94,1.08,0,Europe,Wholesale,24.0
2023-07-23,106,Sofas,24,1104,0,0,0,1.03,1.05,0,Asia,Wholesale,39.0
2023-07-24,102,Beds,39,3432,0,0,0,0.9,0.91,0,North America,Online,65.0
2023-07-25,101,Chairs,65,11440,0,0,0,1.17,1.01,0,North America,Retail,31.0
2023-07-26,109,Beds,31,3782,1,0,0,0.91,0.92,0,North America,Retail,89.0
2023-07-27,103,Chairs,89,14952,1,0,0,1.16,0.92,0,Asia,Online,36.0
2023-07-28,107,Sofas,36,6372,0,0,0,0.84,0.75,0,Europe,Online,134.0
2023-07-29,108,Sofas,134,15008,0,0,0,1.06,0.75,0,Asia,Online,67.0
2023-07-30,106,Sofas,67,5695,0,1,29,1.16,0.91,0,Asia,Online,127.0
2023-07-31,100,Beds,127,18415,0,0,0,0.87,0.81,0,Europe,Wholesale,71.0
2023-08-01,102,Tables,71,14129,1,0,0,1.19,0.71,0,North America,Retail,115.0
2023-08-02,108,Tables,115,8165,0,1,9,0.98,0.99,0,North America,Wholesale,89.0
2023-08-03,100,Sofas,89,4005,0,0,0,1.18,0.71,0,Asia,Retail,121.0
2023-08-04,108,Tables,121,22264,0,1,6,1.07,0.94,0,North America,Retail,94.0
2023-08-05,107,Tables,94,10622,1,0,0,0.92,0.92,0,Asia,Online,101.0
2023-08-06,100,Beds,101,15453,0,1,21,0.88,1.09,1,Asia,Wholesale,111.0
2023-08-07,105,Chairs,111,7326,0,0,0,0.92,0.89,0,Europe,Online,23.0
2023-08-08,104,Sofas,23,2139,0,0,0,0.84,0.73,0,Europe,Wholesale,128.0
2023-08-09,105,Sofas,128,15872,0,1,10,0.86,0.92,0,Europe,Retail,67.0
2023-08-10,109,Beds,67,11122,0,0,0,0.84,1.04,0,Asia,Online,92.0
2023-08-11,104,Beds,92,17664,0,0,0,0.97,1.1,0,Europe,Online,91.0
2023-08-12,105,Tables,91,17745,0,0,0,1.12,0.87,0,North America,Retail,135.0
2023-08-13,104,Sofas,135,20250,1,0,0,0.86,0.83,0,North America,Retail,100.0
2023-08-14,104,Chairs,100,5400,1,0,0,0.85,1.06,0,Asia,Retail,100.0
2023-08-15,103,Beds,100,17100,1,0,0,1.06,0.78,1,Asia,Online,132.0
2023-08-16,102,Chairs,132,17424,0,0,0,0.88,0.95,0,Europe,Wholesale,115.0
2023-08-17,102,Chairs,115,18630,1,0,0,0.84,0.86,0,Asia,Online,91.0
2023-08-18,103,Sofas,91,10192,0,0,0,0.87,0.72,0,Asia,Wholesale,82.0
2023-08-19,108,Sofas,82,15908,0,0,0,1.17,0.84,0,North America,Online,57.0
2023-08-20,101,Beds,57,11001,0,0,0,1.13,0.81,0,North America,Online,86.0
2023-08-21,108,Sofas,86,15996,0,0,0,0.94,0.97,0,Europe,Retail,88.0
2023-08-22,100,Sofas,88,11528,0,0,0,1.06,1.08,0,Asia,Wholesale,32.0
2023-08-23,100,Sofas,32,1792,0,0,0,1.01,0.81,0,Asia,Online,50.0
2023-08-24,104,Chairs,50,4100,0,0,0,1.07,1.02,0,North America,Online,133.0
2023-08-25,105,Beds,133,21280,0,0,0,1.07,0.72,0,Asia,Retail,41.0
2023-08-26,105,Tables,41,3280,0,0,0,1.05,0.92,0,North America,Retail,112.0
2023-08-27,102,Chairs,112,8736,0,1,14,0.91,0.73,0,Europe,Wholesale,86.0
2023-08-28,106,Sofas,86,13072,0,0,0,0.82,1.07,1,North America,Online,73.0
2023-08-29,108,Chairs,73,13870,1,0,0,0.98,1.01,1,Asia,Wholesale,61.0
2023-08-30,109,Sofas,61,9150,1,0,0,1.16,0.96,0,Europe,Online,83.0
2023-08-31,107,Sofas,83,7138,0,0,0,1.03,1.03,0,North America,Wholesale,145.0
2023-09-01,105,Chairs,145,14790,0,1,22,1.13,0.96,0,North America,Retail,40.0
2023-09-02,107,Beds,40,5960,0,0,0,1.2,1.09,0,Europe,Online,54.0
2023-09-03,104,Sofas,54,5832,1,0,0,0.87,0.99,1,Europe,Wholesale,49.0
2023-09-04,107,Beds,49,4018,0,1,25,1.08,1.07,0,North America,Retail,76.0
2023-09-05,109,Tables,76,5548,0,0,0,1.07,0.91,0,Asia,Retail,66.0
2023-09-06,103,Sofas,66,5214,0,0,0,1.19,0.75,0,North America,Wholesale,38.0
2023-09-07,109,Beds,38,3800,0,0,0,1.19,0.91,0,Europe,Online,133.0
2023-09-08,107,Beds,133,13433,0,0,0,1.07,0.75,0,North America,Online,27.0
2023-09-09,109,Tables,27,2619,1,1,28,0.9,0.94,0,Europe,Retail,45.0
2023-09-10,101,Beds,45,5130,0,1,27,1.12,0.89,0,Europe,Online,132.0
2023-09-11,104,Beds,132,7260,0,0,0,0.84,0.95,0,Asia,Online,90.0
2023-09-12,108,Tables,90,10890,1,0,0,1.11,0.7,0,Europe,Online,49.0
2023-09-13,103,Sofas,49,6517,1,1,5,1.16,0.78,0,Europe,Retail,86.0
2023-09-14,105,Beds,86,7482,0,0,0,0.95,0.9,0,Asia,Wholesale,84.0
2023-09-15,100,Beds,84,14868,0,0,0,1.05,1.08,0,Europe,Online,55.0
2023-09-16,108,Beds,55,6655,0,1,26,0.97,0.85,0,Asia,Retail,44.0
2023-09-17,100,Chairs,44,3388,1,0,0,0.98,0.87,1,Asia,Retail,56.0
2023-09-18,104,Tables,56,9296,0,0,0,0.92,0.99,1,Europe,Wholesale,20.0
2023-09-19,103,Chairs,20,1160,1,0,0,1.1,0.94,1,Europe,Online,56.0
2023-09-20,102,Tables,56,5712,0,1,14,1.17,0.82,0,North America,Online,147.0
2023-09-21,105,Sofas,147,17052,0,0,0,1.18,0.86,0,Asia,Wholesale,146.0
2023-09-22,101,Sofas,146,24820,0,0,0,0.87,0.79,0,North America,Wholesale,20.0
2023-09-23,102,Beds,20,2820,0,0,0,1.15,1.09,0,Europe,Retail,54.0
2023-09-24,104,Tables,54,5616,0,0,0,1.09,0.75,1,North America,Retail,123.0
2023-09-25,108,Sofas,123,19557,0,0,0,0.9,0.85,0,Asia,Wholesale,42.0
2023-09-26,101,Tables,42,5460,0,0,0,0.83,0.71,0,North America,Online,28.0
2023-09-27,109,Sofas,28,1316,1,0,0,0.91,0.79,1,Asia,Retail,53.0
2023-09-28,107,Chairs,53,5936,0,0,0,1.16,1.01,0,Europe,Retail,147.0
2023-09-29,101,Sofas,147,25431,1,1,14,1.05,0.78,0,Europe,Online,23.0
2023-09-30,104,Chairs,23,3358,0,0,0,1.09,0.73,0,Asia,Retail,121.0
2023-10-01,106,Sofas,121,15488,0,1,12,0.9,0.89,0,Europe,Online,94.0
2023-10-02,107,Beds,94,7332,0,0,0,1.09,0.7,0,Europe,Online,118.0
2023-10-03,100,Chairs,118,17936,0,0,0,0.81,0.73,0,Europe,Online,91.0
2023-10-04,105,Sofas,91,6097,1,0,0,0.95,1.02,0,Europe,Wholesale,22.0
2023-10-05,100,Beds,22,2992,0,0,0,1.05,1.01,0,Asia,Wholesale,53.0
2023-10-06,101,Chairs,53,4028,0,1,29,0.86,1.07,0,North America,Wholesale,64.0
2023-10-07,100,Beds,64,11264,0,0,0,1.13,1.04,0,North America,Online,80.0
2023-10-08,104,Tables,80,9680,0,0,0,0.89,0.97,0,Europe,Online,102.0
2023-10-09,109,Tables,102,9690,0,0,0,1.06,0.72,0,North America,Wholesale,142.0
2023-10-10,108,Chairs,142,17608,1,0,0,0.96,1.01,1,North America,Retail,121.0
2023-10-11,105,Sofas,121,4961,1,0,0,1.04,1.04,0,Europe,Online,35.0
2023-10-12,100,Chairs,35,3395,0,0,0,0.84,1.02,0,Europe,Retail,85.0
2023-10-13,100,Beds,85,12410,0,0,0,0.81,0.9,0,North America,Retail,138.0
2023-10-14,101,Sofas,138,22356,0,0,0,1.16,0.79,0,Asia,Online,143.0
2023-10-15,108,Tables,143,21879,0,0,0,0.91,1.04,0,Europe,Online,121.0
2023-10-16,102,Sofas,121,17666,0,0,0,1.13,0.99,0,Asia,Retail,85.0
2023-10-17,100,Tables,85,6460,0,0,0,1.2,1.09,0,North America,Retail,32.0
2023-10-18,104,Sofas,32,3776,0,0,0,0.88,0.76,0,Europe,Wholesale,130.0
2023-10-19,106,Sofas,130,17030,0,0,0,0.91,0.79,0,Asia,Wholesale,53.0
2023-10-20,105,Sofas,53,3021,0,0,0,1.07,0.78,1,Europe,Online,58.0
2023-10-21,100,Beds,58,7946,0,0,0,1.19,1.02,0,North America,Wholesale,139.0
2023-10-22,104,Beds,139,14178,0,0,0,1.17,0.77,1,Asia,Wholesale,145.0
2023-10-23,104,Chairs,145,27405,0,1,29,1.0,0.73,0,North America,Wholesale,74.0
2023-10-24,105,Chairs,74,13172,1,0,0,1.12,1.1,0,North America,Wholesale,46.0
2023-10-25,102,Tables,46,1978,0,0,0,0.85,0.71,0,Europe,Retail,137.0
2023-10-26,104,Beds,137,23838,0,1,6,1.19,1.03,0,Asia,Online,72.0
2023-10-27,106,Tables,72,7200,0,1,29,1.19,0.85,0,North America,Wholesale,58.0
2023-10-28,104,Chairs,58,8468,1,0,0,0.87,1.04,0,North America,Retail,84.0
2023-10-29,104,Tables,84,7812,0,1,12,0.92,0.92,0,Asia,Retail,32.0
2023-10-30,104,Chairs,32,4064,0,0,0,0.84,1.06,0,North America,Retail,40.0
2023-10-31,109,Beds,40,4280,0,0,0,0.91,1.07,0,North America,Wholesale,72.0
2023-11-01,109,Sofas,72,12096,1,0,0,1.13,0.7,0,Asia,Wholesale,38.0
2023-11-02,102,Beds,38,3572,1,0,0,0.95,0.73,0,Asia,Online,76.0
2023-11-03,100,Tables,76,3192,0,0,0,0.84,0.8,0,Asia,Wholesale,44.0
2023-11-04,104,Tables,44,7040,1,0,0,0.94,0.97,0,Asia,Wholesale,50.0
2023-11-05,108,Beds,50,8400,1,0,0,1.19,1.06,0,Europe,Retail,100.0
2023-11-06,100,Beds,100,14100,1,1,19,1.05,0.88,0,Asia,Online,42.0
2023-11-07,102,Chairs,42,3234,0,1,5,0.97,0.94,0,Europe,Wholesale,51.0
2023-11-08,103,Tables,51,6324,0,0,0,0.87,0.78,0,Europe,Wholesale,93.0
2023-11-09,100,Tables,93,18228,0,1,6,1.19,1.02,1,Europe,Retail,29.0
2023-11-10,100,Beds,29,4988,1,1,24,1.13,1.09,0,North America,Retail,73.0
2023-11-11,107,Sofas,73,9563,0,0,0,0.91,0.81,0,Europe,Wholesale,71.0
2023-11-12,101,Tables,71,4260,0,0,0,0.83,0.9,0,Europe,Online,133.0
2023-11-13,107,Sofas,133,19684,0,0,0,0.82,0.73,0,North America,Online,33.0
2023-11-14,106,Beds,33,2838,1,1,26,0.85,0.92,0,North America,Retail,129.0
2023-11-15,109,Beds,129,15867,1,0,0,1.03,0.9,0,North America,Retail,72.0
2023-11-16,109,Chairs,72,8784,0,0,0,1.17,0.76,0,Asia,Wholesale,98.0
2023-11-17,101,Tables,98,7252,1,0,0,1.0,0.88,0,North America,Retail,41.0
2023-11-18,105,Sofas,41,4428,0,0,0,1.14,0.83,0,North America,Wholesale,49.0
2023-11-19,105,Chairs,49,8232,1,0,0,0.98,0.91,0,Europe,Online,23.0
2023-11-20,102,Tables,23,4117,0,0,0,1.08,0.93,0,North America,Online,78.0
2023-11-21,101,Chairs,78,5148,0,0,0,1.09,0.7,0,Asia,Wholesale,27.0
2023-11-22,100,Beds,27,2565,1,1,27,0.87,1.0,0,North America,Retail,31.0
2023-11-23,105,Tables,31,1922,0,1,24,0.94,0.99,0,Asia,Online,138.0
2023-11-24,104,Chairs,138,26496,1,0,0,1.05,0.85,0,North America,Retail,53.0
2023-11-25,108,Chairs,53,3180,0,1,15,0.83,0.72,0,North America,Online,101.0
2023-11-26,100,Sofas,101,10100,0,0,0,0.94,1.0,1,North America,Wholesale,117.0
2023-11-27,106,Chairs,117,11934,0,0,0,1.01,1.08,0,North America,Wholesale,146.0
2023-11-28,104,Tables,146,23506,0,0,0,1.2,0.8,0,Asia,Wholesale,94.0
2023-11-29,104,Tables,94,8554,0,1,19,0.99,0.83,0,Asia,Online,124.0
2023-11-30,101,Sofas,124,15748,0,1,17,1.13,0.77,0,Europe,Retail,68.0
2023-12-01,102,Tables,68,13056,0,0,0,0.97,0.93,0,Asia,Retail,98.0
2023-12-02,106,Beds,98,9212,0,1,29,1.12,0.76,0,North America,Retail,112.0
2023-12-03,105,Tables,112,9520,1,0,0,1.04,0.84,1,Europe,Online,37.0
2023-12-04,101,Tables,37,2627,1,0,0,1.15,0.98,0,Europe,Online,115.0
2023-12-05,105,Chairs,115,10810,0,0,0,0.96,0.92,0,Europe,Online,57.0
2023-12-06,101,Chairs,57,7695,1,0,0,1.04,0.85,0,North America,Online,106.0
2023-12-07,101,Tables,106,18232,0,0,0,1.05,0.87,0,Asia,Online,107.0
2023-12-08,101,Sofas,107,8025,0,1,23,0.97,0.92,0,North America,Retail,69.0
2023-12-09,102,Chairs,69,10281,1,0,0,0.86,0.7,0,Europe,Online,27.0
2023-12-10,101,Sofas,27,3915,1,0,0,0.84,0.73,0,North America,Online,88.0
2023-12-11,103,Tables,88,8536,0,0,0,0.81,1.05,0,North America,Retail,140.0
2023-12-12,108,Tables,140,10920,1,0,0,1.15,0.73,0,Asia,Online,83.0
2023-12-13,105,Beds,83,9877,0,1,16,0.89,0.98,1,Asia,Retail,140.0
2023-12-14,100,Chairs,140,19040,1,0,0,0.88,1.07,0,Europe,Retail,84.0
2023-12-15,107,Tables,84,12768,0,0,0,1.09,0.81,0,North America,Wholesale,126.0
2023-12-16,106,Beds,126,12600,0,1,25,0.93,0.85,0,North America,Wholesale,119.0
2023-12-17,109,Chairs,119,20944,0,0,0,1.0,0.93,0,Asia,Wholesale,101.0
2023-12-18,102,Tables,101,4545,0,0,0,0.87,1.05,1,North America,Wholesale,70.0
2023-12-19,100,Tables,70,10360,0,0,0,1.18,1.08,0,North America,Online,102.0
2023-12-20,104,Chairs,102,7548,1,0,0,1.14,1.0,0,North America,Wholesale,131.0
2023-12-21,103,Chairs,131,10218,0,0,0,1.15,0.73,0,Asia,Retail,75.0
2023-12-22,109,Chairs,75,14175,0,0,0,0.96,0.97,0,Europe,Online,79.0
2023-12-23,107,Tables,79,12403,0,1,26,1.1,0.86,1,Europe,Wholesale,139.0
2023-12-24,100,Tables,139,6116,0,1,17,0.86,0.89,0,North America,Retail,42.0
2023-12-25,109,Beds,42,5292,0,0,0,0.8,0.72,0,Europe,Online,32.0
2023-12-26,100,Sofas,32,3680,0,0,0,0.81,0.78,0,Asia,Online,120.0
2023-12-27,103,Chairs,120,23640,0,1,12,1.03,1.02,1,Asia,Wholesale,43.0
2023-12-28,107,Tables,43,4128,0,0,0,0.98,0.88,0,Europe,Online,127.0
2023-12-29,104,Tables,127,21082,0,0,0,1.01,0.82,0,Europe,Retail,30.0
2023-12-30,101,Chairs,30,2040,1,0,0,0.8,0.85,0,North America,Online,36.0
2023-12-31,105,Sofas,36,4536,1,1,16,0.97,1.04,0,Europe,Retail,85.57260273972602
